ID,0,1,2,3,4,5,6,7,8,9,10,11,12,13,14,15,16,17,18,19,20,21,22,23,24,25,26,27,28,29,30,31,32,33,34,35,36,37,38,39,40,41,42,43,44,45,46,47,48,49,50,51,52,53,54,55,56,57,58,59,60,61,62,63,64,65,66,67,68,69,70,71,72,73,74,75,76,77,78,79,80,81,82,83,84,85,86,87,88,89,90,91,92,93,94,95,96,97,98,99,100
1,0.1911422,0.538114565,0.612025355,0.774178445,0.58576661,0.712891175,0.76044438,0.539258785,0.529398875,0.675083335,0.706925465,0.633976675,0.597163075,0.669440485,0.6969101,0.78530285,0.57491065,0.85314166,0.68058461,0.702907165,0.90095455,0.692948895,0.762247995,0.806500615,0.77517388,0.588624005,0.6358445,0.77687499,0.563803895,0.75253067,0.90091849,0.750814405,0.573432125,0.74839884,0.727437695,0.525859995,0.645970755,0.611096935,0.86832314,0.584929835,0.625129305,0.605343985,0.784333715,0.62675549,0.461143595,0.605377925,0.759329485,0.76230891,0.646802875,0.78411638,0.72920439,0.49528193,0.59441476,0.631239765,0.718031225,0.75628944,0.790262165,0.56362588,0.52494037,0.68563476,0.59198295,0.586291195,0.719529865,0.649268985,0.56847213,0.71037005,0.611584475,0.61073388,0.82788603,0.61214548,0.580092165,0.578245515,0.61896647,0.451126105,0.745577775,0.7718423,0.60352542,0.75928035,0.60691667,0.48323549,0.63875924,0.576192265,0.561801785,0.790666045,0.68529984,0.62960473,0.628023705,0.569398845,0.64169322,0.895965615,0.553778465,0.577330805,0.646206965,0.4997353,0.517344055,0.70691965,0.531796525,0.70014196,0.87461278,0.558389125,0.58162416
2,0.24117076,0.55051696,0.571635165,0.55434752,0.572160075,0.593631655,0.547835965,0.54593607,0.54808467,0.51318231,0.577177675,0.55034269,0.50772686,0.534533975,0.562672545,0.54270833,0.576594825,0.569397405,0.551931715,0.576466675,0.50765741,0.537819225,0.562270195,0.529119295,0.574509675,0.552471985,0.52398969,0.573494245,0.558530965,0.566888065,0.55988813,0.567949935,0.542029495,0.563716115,0.515036565,0.549035325,0.57221317,0.57645936,0.561572035,0.55021828,0.573138495,0.556716325,0.562623125,0.548614525,0.553470475,0.587381685,0.551813085,0.523292035,0.558209395,0.56483409,0.537683655,0.52202447,0.56216502,0.566642775,0.54097517,0.485495045,0.55360161,0.53186607,0.562227885,0.55767453,0.551537505,0.54275773,0.524524905,0.590728335,0.52386043,0.574863055,0.57779845,0.55884722,0.548403185,0.55063944,0.55461454,0.53088734,0.55977013,0.515067635,0.555347815,0.57899722,0.55958457,0.55538719,0.549170695,0.574229035,0.57785496,0.55825667,0.55471367,0.53496504,0.518906495,0.56212123,0.559642555,0.54680567,0.52386584,0.554967305,0.547584185,0.52876509,0.556566905,0.53778862,0.512665315,0.539005495,0.569267735,0.523728425,0.533665285,0.501250015,0.55635363
3,0.0541043324432577,0.0977095727636849,0.101561929238985,0.0949559078771696,0.101923331108144,0.116450200267023,0.0773114085447263,0.089966308411215,0.114028878504673,0.0911203404539386,0.0862851668891856,0.0915708544726302,0.0950841789052069,0.088763090787717,0.0963853871829106,0.10025909212283,0.0849938584779706,0.0848788518024032,0.106520146862483,0.0936034245660881,0.110329519359146,0.112460560747664,0.0935579372496662,0.109498544726302,0.101230654205607,0.0903652403204272,0.0920954939919893,0.101887336448598,0.0828343391188251,0.0853518157543391,0.0806145260347129,0.0961141655540721,0.093858691588785,0.0983484913217623,0.0950156608811749,0.0879641588785047,0.101505106809079,0.0770381575433912,0.0881896662216288,0.0829847129506008,0.0878204539385848,0.0965699265687583,0.0967879305740988,0.107608090787717,0.104511849132176,0.088829873164219,0.0905521628838451,0.116406542056075,0.102478591455274,0.0966169359145527,0.0917044993324433,0.0850355807743658,0.0972295393858478,0.0985332376502003,0.0934153738317757,0.0798423765020027,0.0910839919893191,0.111206168224299,0.0850038584779706,0.0995378571428571,0.104475126835781,0.112516021361816,0.0966367890520694,0.0948825767690254,0.104085166889186,0.0915926168224299,0.0977347530040053,0.0835040387182911,0.117522523364486,0.0940341722296395,0.0858253538050734,0.091408391188251,0.104327076101469,0.0975706074766355,0.0834351935914553,0.0825051401869159,0.0923780240320427,0.082265867823765,0.094144132176235,0.107447883845127,0.105322523364486,0.102023918558077,0.0926742256341789,0.0895085580774366,0.106669599465955,0.106428104138852,0.115326849132176,0.0920215020026702,0.100427716955941,0.0949618224299065,0.101487269692924,0.101001922563418,0.102073604806409,0.102421829105474,0.111124032042724,0.0958037249666222,0.092189652870494,0.0960070961281709,0.101438357810414,0.0989918224299065,0.104686288384513
4,0.03218087,0.1714908,0.13366664,0.12691826,0.11019815,0.10117435,0.15175026,0.15515253,0.11246018,0.10041272,0.11473638,0.16358459,0.08225969,0.1170882,0.27478489,0.14588834,0.08888475,0.10262841,0.12007587,0.13667651,0.14019062,0.10910906,0.10597871,0.24903343,0.15188475,0.12016288,0.07994711,0.10937775,0.16196309,0.12366641,0.11871373,0.27475374,0.13734992,0.07043586,0.11304509,0.16328062,0.24385614,0.11725702,0.25582665,0.16610838,0.12551526,0.14734215,0.19542095,0.17319771,0.11797827,0.14020451,0.21001855,0.28518415,0.2557614,0.15488715,0.12555687,0.16104118,0.1107045,0.15669859,0.18070636,0.10478801,0.07985752,0.25433909,0.13380404,0.20808132,0.07609655,0.153637,0.10680971,0.11933535,0.18276841,0.25425427,0.11285528,0.12232425,0.11409324,0.0852047,0.14630776,0.16502384,0.18626072,0.14630308,0.15958519,0.11794364,0.12043715,0.14705005,0.07547024,0.1691532,0.11305962,0.08462711,0.07921356,0.12354531,0.12881184,0.12439719,0.16052842,0.25749197,0.15134769,0.10924809,0.08903046,0.1141718,0.08210241,0.0845416,0.10978282,0.16624192,0.11973033,0.14641882,0.11990185,0.18431711,0.15102154
5,0.10018413,0.370276445,0.317602975,0.29225763,0.25889733,0.341434105,0.405309445,0.373458865,0.391898875,0.31396731,0.311946985,0.336624835,0.310641475,0.36287881,0.495902575,0.28390649,0.27810174,0.38114567,0.24463136,0.35985169,0.27701236,0.355134645,0.30158158,0.372889605,0.38934791,0.36259177,0.41379635,0.39775669,0.35764203,0.41131398,0.316397395,0.383230705,0.392253,0.31301598,0.34472476,0.29707695,0.392421225,0.313841345,0.400167125,0.34025449,0.311673525,0.375228995,0.396962325,0.416856475,0.31211734,0.34480018,0.27923148,0.411434865,0.342348315,0.2630734,0.346800855,0.334841965,0.381053815,0.350581145,0.26379976,0.38191831,0.338050915,0.397940955,0.43202839,0.302622325,0.37931971,0.22967363,0.35837796,0.35890906,0.32231676,0.26928703,0.32101944,0.26846498,0.314053045,0.28393598,0.2340158,0.26962797,0.22575554,0.33025247,0.367509755,0.366041875,0.341196875,0.411484785,0.32564546,0.39450488,0.3256463,0.366297645,0.34432296,0.39782218,0.3789959,0.42044301,0.32504434,0.316317395,0.37126624,0.370893375,0.3470738,0.37136083,0.27509784,0.27223251,0.34226221,0.2678237,0.35020505,0.39446041,0.32479005,0.34571647,0.42753581
6,0.209076165,0.44672866,0.4013675,0.424044265,0.399633265,0.43537383,0.361541715,0.49094026,0.42551554,0.456723405,0.472597285,0.50042769,0.44819566,0.4755201,0.46084229,0.425897575,0.427540235,0.43467058,0.37062298,0.400275195,0.466223055,0.449928495,0.464155545,0.389426595,0.44446859,0.408218505,0.412280215,0.4514667,0.455952765,0.452636285,0.424482615,0.399459095,0.409201185,0.428708755,0.398677695,0.456110105,0.460324595,0.450509115,0.46472056,0.444200615,0.41961838,0.454709165,0.448109025,0.48145786,0.404514855,0.43524499,0.50883095,0.39064191,0.40721703,0.388632165,0.384255575,0.46631403,0.46158722,0.39409683,0.47241023,0.44331705,0.44118338,0.450791845,0.47258833,0.403783755,0.45130466,0.44485742,0.399289915,0.46989363,0.467192845,0.41578268,0.421192165,0.431177775,0.447323075,0.417933055,0.355942495,0.42863338,0.442071905,0.44357034,0.443466705,0.49990572,0.36901391,0.43946631,0.43626144,0.38418614,0.38925085,0.403215455,0.47166035,0.37066643,0.39140207,0.450171275,0.455082455,0.451274175,0.44990183,0.442982045,0.406195175,0.41773439,0.47961842,0.442161465,0.446504305,0.417279205,0.43522333,0.44651957,0.514693215,0.40624181,0.41590778
7,0.228615775,0.622260705,0.562938215,0.61484778,0.58856185,0.59285519,0.578179805,0.597849495,0.62425486,0.56671609,0.62746796,0.58129624,0.57421908,0.583722465,0.672759345,0.571516895,0.607808905,0.66123191,0.623254225,0.64023768,0.63788052,0.705496655,0.603915175,0.56732471,0.681212525,0.61385666,0.642237455,0.690464,0.59327736,0.584386695,0.596711475,0.58543498,0.63749318,0.64964464,0.540106485,0.61657886,0.65160396,0.69425164,0.57554945,0.57436683,0.563686795,0.67085924,0.63015751,0.572933075,0.660886145,0.616623465,0.65296378,0.634937475,0.543916455,0.608958525,0.61537676,0.52828994,0.629411075,0.59845224,0.62015202,0.621134225,0.621629685,0.57771327,0.57474625,0.562197905,0.67207176,0.619194925,0.650249855,0.590724805,0.509687385,0.679692965,0.66164957,0.593548555,0.63897632,0.56936357,0.63154606,0.664906465,0.60299777,0.723233385,0.66978759,0.664407845,0.56113914,0.617682105,0.66785307,0.63294272,0.61468738,0.589754215,0.643928835,0.565334535,0.554597135,0.66676631,0.610729665,0.62121439,0.661382415,0.613603935,0.60420772,0.6421179,0.57940602,0.62127693,0.62067142,0.5470709,0.68761292,0.530517965,0.566250545,0.68002163,0.60845632
8,0.0336948697916667,0.0488536197916667,0.0469333333333333,0.0506490885416667,0.0521180729166667,0.0521090625,0.051416953125,0.0496528125,0.0494768489583333,0.0504287760416667,0.048956640625,0.0506411979166667,0.0501826041666667,0.0488164322916667,0.05129046875,0.0500785416666667,0.0489290104166667,0.049468828125,0.0537270833333333,0.0492818489583333,0.0550899739583333,0.0487563802083333,0.0485301302083333,0.0476930729166667,0.0512778645833333,0.051505390625,0.0502580208333333,0.0502378385416667,0.0480345833333333,0.0504316145833333,0.0478510416666667,0.0491925,0.0490351041666667,0.0504853125,0.05105890625,0.0516220052083333,0.0531726822916667,0.0483379427083333,0.0486975260416667,0.0509724479166667,0.04982046875,0.0566661197916667,0.0496038541666667,0.0474865885416667,0.0477651041666667,0.05015140625,0.0531636458333333,0.0528888541666667,0.049628359375,0.05015859375,0.0482461979166667,0.0488057291666667,0.04983125,0.0502226302083333,0.054174140625,0.0477421614583333,0.0517141666666667,0.0529527604166667,0.0518000520833333,0.0481783333333333,0.049324140625,0.051054296875,0.0557263020833333,0.0537678385416667,0.0521013541666667,0.0488437239583333,0.0503216666666667,0.0483453645833333,0.0495375260416667,0.0504440104166667,0.049077890625,0.0507218229166667,0.049714609375,0.0529891927083333,0.0548687239583333,0.0489215364583333,0.0473148177083333,0.051163046875,0.0544888802083333,0.0484165625,0.048375390625,0.049624921875,0.0490648958333333,0.0483033072916667,0.0493454947916667,0.0505730208333333,0.0502690885416667,0.054434140625,0.0506418489583333,0.0503612239583333,0.0507044270833333,0.0506965364583333,0.0484034114583333,0.0493671875,0.0492293229166667,0.0489305208333333,0.048999921875,0.0483549739583333,0.0512215885416667,0.04799734375,0.051062890625
9,0.115445068783069,0.310567021164021,0.294807158730159,0.339646116402116,0.279881492063492,0.307744010582011,0.308428984126984,0.321270105820106,0.304146947089947,0.24760673015873,0.315632248677249,0.378114148148148,0.215734947089947,0.31971862962963,0.298628772486772,0.354188285714286,0.311742682539683,0.247474296296296,0.399759047619048,0.279071888888889,0.343772724867725,0.338218105820106,0.250856142857143,0.386380746031746,0.347684597883598,0.355737656084656,0.346210402116402,0.35180491005291,0.366225428571429,0.306202465608466,0.396739375661376,0.299762486772487,0.369985772486773,0.330928439153439,0.309188571428571,0.30756817989418,0.331683333333333,0.33861637037037,0.32931626984127,0.267485296296296,0.28901017989418,0.293220841269841,0.268234142857143,0.362656529100529,0.278753518518519,0.235524571428571,0.282544989417989,0.325664761904762,0.388691793650794,0.39302717989418,0.358687523809524,0.322028867724868,0.321806772486772,0.268452576719577,0.340930708994709,0.276503222222222,0.295007772486773,0.293905111111111,0.265600957671958,0.37847655026455,0.306957746031746,0.296408714285714,0.294899015873016,0.264992502645503,0.324052962962963,0.307632396825397,0.345776931216931,0.344561798941799,0.256961544973545,0.255754560846561,0.395925962962963,0.292933566137566,0.294097994708995,0.268420941798942,0.222452338624339,0.347181592592593,0.298128492063492,0.370887380952381,0.272263962962963,0.403529275132275,0.37690019047619,0.379290968253968,0.30050673015873,0.334502407407407,0.356299846560847,0.292896693121693,0.398826597883598,0.230012952380952,0.349068343915344,0.366434079365079,0.250619846560847,0.320397888888889,0.333901841269841,0.28100508994709,0.338640391534392,0.301118560846561,0.332805894179894,0.313508380952381,0.408920894179894,0.315410936507937,0.357851777777778
10,0.04419785,0.28529171,0.42501567,0.26025719,0.310121935,0.377964995,0.24222693,0.415310505,0.230580305,0.34969893,0.330122705,0.33748012,0.37580635,0.22544287,0.279368,0.21423472,0.306345535,0.435048735,0.25639374,0.16163487,0.33560277,0.33683784,0.40110685,0.2018473,0.14515206,0.300408865,0.23465138,0.23814175,0.40365329,0.20386391,0.25923631,0.400052485,0.27264036,0.22760233,0.21220448,0.20932032,0.21079949,0.294193125,0.25779627,0.22406271,0.279516255,0.29704036,0.2052224,0.313023245,0.21462871,0.277937915,0.324377925,0.27329689,0.20989883,0.18775091,0.265968535,0.414245075,0.312117725,0.25800386,0.3874446,0.41271003,0.27455003,0.27572583,0.23511145,0.25744645,0.33607206,0.23059899,0.28368765,0.23059564,0.33896865,0.2420383,0.31554359,0.27340054,0.279512475,0.334640815,0.337484925,0.26211331,0.21512778,0.41338809,0.22338363,0.32318175,0.1868247,0.21610392,0.22642073,0.30216002,0.18042393,0.269223455,0.334792985,0.27894255,0.41030319,0.24133666,0.26211261,0.33648194,0.365353395,0.29890509,0.251007075,0.28103576,0.419506695,0.311019655,0.21638574,0.22437912,0.414148795,0.23387866,0.439388525,0.51079522,0.284674635
11,0.267280265,0.695653775,0.794241405,0.711612355,0.76109202,0.704960885,0.698125135,0.78776509,0.737153865,0.758529325,0.711297855,0.73170787,0.721900745,0.74531653,0.761225295,0.71890777,0.792491,0.703082805,0.746560355,0.747832675,0.73088274,0.756741935,0.772713375,0.756303545,0.767520635,0.74577631,0.796579555,0.742315165,0.798429095,0.744874765,0.70347511,0.710890535,0.71883742,0.757075925,0.650239965,0.75204273,0.78902949,0.77491426,0.76369824,0.761277465,0.66014486,0.753472405,0.71703429,0.6744163,0.80008149,0.76046372,0.73472309,0.72171423,0.782848305,0.74855553,0.76350612,0.733436715,0.75137835,0.69354359,0.746219045,0.774153025,0.77507581,0.76091671,0.706913035,0.77055558,0.736428395,0.731420455,0.723870915,0.756265135,0.755528,0.76137817,0.742646235,0.759840075,0.659256325,0.76169356,0.729787345,0.738230785,0.72253873,0.76212894,0.73352373,0.73935096,0.733274065,0.67527751,0.79866452,0.75189744,0.78161287,0.75650534,0.79051051,0.69080401,0.773825925,0.744681485,0.757515835,0.756037495,0.733467805,0.793602575,0.780368055,0.76563196,0.754584465,0.70258746,0.767510945,0.703547525,0.71244313,0.72292004,0.753265015,0.740478135,0.7773797
12,0.09731754,0.27235768,0.28536393,0.3340734,0.27678709,0.27327455,0.25108277,0.2694851,0.25042584,0.25018843,0.28844988,0.24278798,0.28536638,0.29279602,0.23382227,0.26207328,0.28164631,0.32332876,0.28343619,0.32365016,0.24062359,0.32302376,0.27339971,0.24508407,0.18351311,0.25991142,0.317379705,0.25487366,0.26401997,0.27183542,0.24850621,0.32264371,0.24918087,0.26871487,0.26293991,0.29625876,0.32409133,0.26912399,0.24520536,0.25383227,0.28323612,0.28284883,0.30518959,0.27826557,0.25196015,0.283713515,0.25497552,0.359161975,0.27100572,0.23405919,0.26386847,0.26859389,0.30180766,0.24194314,0.24720264,0.28925854,0.23808228,0.291099665,0.29553795,0.29849974,0.28397642,0.312681395,0.28316498,0.25060194,0.33285346,0.307526355,0.24265105,0.32608952,0.25358752,0.25439092,0.23421213,0.25046069,0.360447785,0.317117305,0.27785122,0.24828897,0.23485411,0.26113946,0.28823044,0.27273446,0.24085583,0.315245975,0.382434295,0.22399128,0.25575496,0.29156623,0.24725535,0.26784135,0.26951076,0.3651067,0.29114201,0.27411184,0.32141981,0.290561815,0.24706407,0.24985338,0.24576214,0.28724702,0.23461929,0.2733614,0.25177754
13,0.066366095,0.106286405,0.152602535,0.119087985,0.135067375,0.128065385,0.136115245,0.116845885,0.120915905,0.120412485,0.106029815,0.124528305,0.110711995,0.150311065,0.114158655,0.116394465,0.118115955,0.127595025,0.117832855,0.144874685,0.123264175,0.162818455,0.120644285,0.120988895,0.140374275,0.141856365,0.135707885,0.129251535,0.128182855,0.111788505,0.109533975,0.125982875,0.126522075,0.154358525,0.121957695,0.117164135,0.151166105,0.133180315,0.115589295,0.119915905,0.139726435,0.130212975,0.127470425,0.123937475,0.116350265,0.151139975,0.139114345,0.115347525,0.143659225,0.120292075,0.122705825,0.156911545,0.118087935,0.115791165,0.143330065,0.129772295,0.121526935,0.121850255,0.120238365,0.130695495,0.126221945,0.135314735,0.129036685,0.130587835,0.140212695,0.120251805,0.109985155,0.116839915,0.112295665,0.118500105,0.119186905,0.135308975,0.120986235,0.121216235,0.126951505,0.156918515,0.145476285,0.117749745,0.132993135,0.130060655,0.128406675,0.133350055,0.120341605,0.120614455,0.139869735,0.119892765,0.118674145,0.121593485,0.106664215,0.119140665,0.128388005,0.140112295,0.129093165,0.122084135,0.129219775,0.114996615,0.126823315,0.129143475,0.162978825,0.127107305,0.115456215
14,0.49739787,0.90868921,0.86052195,0.893968525,0.862870645,0.924961075,0.9989295,0.915840545,0.897637835,0.9544573,0.928828865,1.111164635,0.82623292,0.886627085,0.94863019,0.973760985,0.90922802,0.943428755,0.86836301,0.890026305,0.993374845,0.81287516,0.88701371,0.880269075,1.18782383,0.88063313,0.9785509,1.098068215,0.920186615,0.91614009,0.790626515,0.8420606,0.82861918,0.86002489,1.119957255,1.103690275,0.95206024,0.853475385,0.798083065,0.87240877,1.0520716,0.981292515,0.984914585,1.09118458,0.81753347,0.78428517,0.90625159,0.876996485,0.950706325,0.92349165,0.93208245,0.89503485,0.950469495,0.872729925,0.954752205,1.060291365,0.91914153,0.937653975,0.9687438,1.068202105,1.032076605,1.03935642,1.05836319,0.94336713,0.909719585,0.826949885,1.02883929,1.006409355,0.880816895,0.905162955,0.90170589,0.782526885,0.89625108,0.93066952,0.88544552,0.828338775,0.936041575,0.841119765,0.88978867,0.821057235,0.839913995,0.87783094,0.915470875,0.86290062,0.99198357,0.88109702,0.898622345,0.98284154,1.1574955,1.003150265,0.943580045,1.044391135,0.843410785,0.86466263,0.897916295,0.86591928,0.829524825,1.01194741,0.916005705,1.063249045,1.026563745
15,0.0265397993981946,0.0581075325977934,0.0602786258776329,0.0543416048144433,0.061688335005015,0.0659420762286861,0.0608238716148445,0.0582783550651956,0.058155406218656,0.068278665997994,0.0637051153460381,0.0619956970912738,0.0571758575727182,0.0559140220661986,0.0686379438314945,0.0581326178535607,0.0654858074222668,0.0631138916750251,0.0604938916750251,0.0660309127382146,0.0637049749247743,0.0603730892678034,0.0638669909729188,0.0546864192577733,0.0726977331995988,0.0518554764292879,0.0647847743229689,0.0695688665997994,0.0667990772316951,0.054959408224674,0.0697272016048144,0.0695159679037111,0.0697272316950853,0.0551302306920762,0.0573804714142427,0.0646739217652959,0.0588248946840522,0.068792036108325,0.0643294984954865,0.0582671013039117,0.0627139117352056,0.0640283751253761,0.0658520862587763,0.0656869207622869,0.0544036910732197,0.0574566499498496,0.0632230190571715,0.0655334403209629,0.0660662086258776,0.0569241624874624,0.0656047141424273,0.0576892076228686,0.0623733099297894,0.0572687462387161,0.0625429488465396,0.0678295787362086,0.0601937612838516,0.0570086359077232,0.0539845135406219,0.0626919859578736,0.0675085356068205,0.0574963991975928,0.0647348746238716,0.0737777632898696,0.067629297893681,0.0583163490471414,0.0620429287863591,0.0800452256770311,0.0636874122367101,0.0613099799398195,0.066861073219659,0.0618497993981946,0.0535137512537613,0.0632602407221665,0.0549585055165496,0.0643411634904714,0.0612303109327984,0.0545291875626881,0.0605068104312939,0.0553639518555667,0.0539298294884654,0.0694346639919759,0.05790925777332,0.0544149047141424,0.0591994282848546,0.0640806118355065,0.0660617552657974,0.0612453360080241,0.0692637813440321,0.057528184553661,0.0683300300902708,0.0607254262788365,0.056898926780341,0.0637906419257773,0.0620149749247743,0.0650196690070211,0.06053,0.05970444332999,0.075096850551655,0.0654097993981946,0.0623021163490471
16,0.367807195,0.85504756,0.70333589,0.68406604,0.80262197,0.733206575,0.81696844,0.937969045,0.588173175,0.833940465,0.86458128,0.58155357,0.86848916,0.855767175,0.79627576,0.756490955,0.84211216,1.094267455,0.808870515,0.778422565,0.699875455,1.09704449,0.721569205,0.881642475,0.826811005,0.59460917,0.7517591,0.6419038,0.93404456,0.8521641,0.86214312,0.855901085,0.77490165,0.875182275,0.809907345,0.901154165,0.86003543,0.836235855,0.875336855,0.826910345,0.951842455,0.768642065,0.869265265,0.789018115,0.836393495,0.76556728,0.9299718,0.754802775,0.907572715,0.70025832,0.715209555,0.87827953,0.58777473,0.741580525,0.650089745,0.821184245,0.682682215,0.83129218,0.8733978,0.72668479,0.814553355,0.72468807,0.859992975,1.078770175,0.72714773,0.707153205,0.81344028,0.835627985,0.665130325,0.874059395,0.847317615,0.930195115,0.754076425,0.823909315,0.758377715,0.852242225,0.91368386,0.618450265,0.80415339,0.70320269,0.739365715,0.801307415,0.728061585,0.74651865,0.87517069,0.7337685,0.822290555,0.699780095,0.84549342,0.797412185,0.659428385,0.80129603,0.746203525,0.67812656,0.834008715,0.80403758,0.816813035,0.862118215,0.885277055,0.9688502,0.66060868
17,0.152989005,0.32222599,0.306293375,0.31843121,0.381301195,0.28685895,0.29590951,0.290628895,0.268234595,0.364212345,0.281607935,0.36171308,0.31140955,0.37967017,0.3239013,0.32862528,0.478596305,0.331872415,0.335201925,0.42990706,0.34504765,0.348105145,0.36272174,0.32811971,0.48289143,0.30477949,0.29592621,0.287296925,0.30210327,0.32547952,0.30035498,0.367185795,0.32689904,0.274178645,0.2943845,0.314823615,0.3217355,0.30029416,0.34065415,0.31434133,0.344549355,0.30018491,0.48739023,0.31849646,0.36782816,0.30133701,0.285168445,0.277595855,0.310719885,0.315432635,0.263302335,0.328488665,0.339082765,0.303057855,0.393862645,0.30047979,0.361487135,0.251938105,0.354808405,0.42666436,0.362052195,0.29373608,0.318335975,0.37564774,0.258456185,0.340356665,0.318281765,0.337482445,0.30319244,0.260596285,0.342134965,0.358801875,0.30803978,0.38966931,0.28898521,0.34109896,0.369256065,0.345168165,0.360592395,0.29655584,0.28924198,0.28808784,0.29746536,0.330943895,0.339752705,0.34968941,0.261391645,0.31484341,0.26889372,0.32792088,0.32266946,0.278200205,0.38319657,0.284143665,0.37872264,0.30134525,0.339608685,0.283438965,0.37875448,0.30715355,0.32939859
18,0.0357797250509165,0.100752657841141,0.0850370468431772,0.0907590020366599,0.0718293890020367,0.0811718940936864,0.058882016293279,0.0875932179226069,0.0839127189409369,0.0895607230142566,0.0768641547861507,0.119419653767821,0.0803789205702648,0.0594407535641548,0.0726038900203666,0.0777953054989817,0.0725059572301426,0.0846199898167006,0.063351150712831,0.116915529531568,0.0802344399185336,0.0789595723014257,0.0777275560081466,0.0909150916496945,0.0775348065173116,0.0887499490835031,0.0676169959266802,0.0775584419551935,0.0913419144602851,0.0834386863543788,0.0771921792260692,0.0668069144602851,0.0816274847250509,0.0812679735234216,0.0708354073319756,0.0712831262729124,0.084295733197556,0.0739016700610998,0.083644399185336,0.0713548879837067,0.0848146639511202,0.104628024439919,0.0673506211812627,0.081388900203666,0.0768213238289206,0.0703202545824847,0.0871491649694501,0.0831072199592668,0.0868021792260692,0.0788792362525458,0.0732783299389002,0.0759482892057027,0.0853976782077393,0.0727421079429735,0.0816918228105906,0.086205916496945,0.0825567209775967,0.0743861812627291,0.0880774032586558,0.0771123319755601,0.0921422708757638,0.0872717209775967,0.0720866802443992,0.0765585132382892,0.0591540631364562,0.0712350610997963,0.0934525560081466,0.0900816293279022,0.0735607739307536,0.0823793380855397,0.0966268635437882,0.103791934826884,0.074006700610998,0.0765877902240326,0.076563116089613,0.0905130855397149,0.0674392973523422,0.0655302138492872,0.0731760590631365,0.0713017617107943,0.0764432281059063,0.0659866395112016,0.075035549898167,0.0793953360488798,0.0695574439918534,0.0780405397148676,0.0908598472505092,0.0793803564154786,0.076136150712831,0.0924952036659878,0.0888896130346232,0.116376109979633,0.0701137372708758,0.058509215885947,0.0837113849287169,0.0845551934826884,0.0714071079429735,0.087579266802444,0.0720565478615071,0.0719816700610998,0.078928116089613
19,0.164244656218402,0.379710045500506,0.392586152679474,0.428145551061678,0.426381274014156,0.444153185035389,0.350505106167846,0.444976946410516,0.414057264914055,0.404924115267947,0.410491405460061,0.442867896865521,0.381522204246714,0.431528902932255,0.475492103134479,0.402548311425682,0.434632477249747,0.435691668351871,0.382998806875632,0.425653265925177,0.386388837209302,0.421431946410516,0.376696582406471,0.353962548028311,0.369111420626896,0.407768569261881,0.433396860465116,0.372190369059656,0.328576744186046,0.436768715874621,0.403818998988878,0.404939873609707,0.390688720930233,0.435728619817998,0.461938225480283,0.366013705763397,0.428776456016178,0.380349787664307,0.414948594539939,0.386463033367037,0.415153387259858,0.411793387259858,0.403853543983822,0.460658255813953,0.446548220424671,0.427161809908999,0.409161132457027,0.386989130434783,0.385200753286148,0.369760131445905,0.417872492416582,0.39098078867543,0.394004241658241,0.412046152679474,0.387626026289181,0.431426541961577,0.363452537917088,0.446235288169869,0.351522340748231,0.407572537917088,0.424918402426694,0.472362800808898,0.344950535894843,0.405616774519717,0.408692553083923,0.412138933265925,0.343424787664307,0.42159853892821,0.437678114256825,0.427323008088979,0.389651289180991,0.436889878665318,0.414142901921132,0.357938761375126,0.440724044489383,0.38816611223458,0.440525197168857,0.429371147623862,0.48422795247725,0.408249701718908,0.366567507583418,0.489412876643074,0.386541577350859,0.417707740141557,0.389232790697674,0.341324504550051,0.372804201213347,0.450296486349848,0.344622406471183,0.379085980788675,0.38486149140546,0.445753124368049,0.392000960566229,0.441872532861476,0.380519752275025,0.4310140950455,0.419473225480283,0.385689757330637,0.41572631445905,0.360730384226491,0.416077320525784
20,0.293512644084934,0.836327967644085,0.834869772497472,0.652480793731042,0.879167234580384,0.828612290192113,0.712276183013145,0.925701107178969,0.732997780586451,0.983188665318504,0.733253336703741,0.800867967644085,0.956937335692619,0.932581673407482,0.675657431749242,0.659395829120324,0.838305510616785,0.783020733063701,0.830627381193124,0.678862037411527,0.973612300303337,0.955246132457027,0.826799261880688,0.760191036400404,0.723994054600607,0.793887800808898,1.07009165824065,0.916916183013145,0.96554462082912,0.715654646107179,0.744130586450961,0.569235864509606,0.804948822042467,1.0894390091001,0.638435040444894,0.683447285136502,0.830029241658241,0.754198680485339,0.714552113245703,0.784228614762386,0.828326536905966,0.680495424671385,0.769466031344793,0.780027366026289,1.26835990899899,0.750899494438827,0.844027446916077,0.747192548028311,0.686467583417594,0.900464191102123,0.978587340748231,0.684410829120324,0.912587553083923,0.727844898887765,0.659053978766431,0.728424711830131,0.792779929221436,0.682335667340748,0.651617153690597,0.959538523761375,0.736885070778564,0.683740657229525,0.703183023255814,0.792274089989889,0.868626031344793,0.735248119312437,0.870984059656218,1.00953329625885,0.78093204752275,0.784246167846309,0.838124089989889,0.658713806875632,0.942357593528817,0.759246678463094,0.797880864509606,0.825680970677452,0.933103387259858,0.614876769464105,0.903466076845298,0.925247178968655,0.754222755308392,0.796692583417594,0.709319165824065,0.817353164812942,1.09130851870576,0.967713488372093,0.812422239635996,0.828040333670374,0.74695298281092,0.860790808897877,0.674419716885743,0.776539277047523,0.577242699696663,0.739441233569262,0.823692760364004,0.675395202224469,0.993837922143579,0.798974898887765,0.714174196157735,0.696724747219414,0.815841632962588
21,0.03392866,0.1469419,0.0861212,0.09017656,0.07736091,0.07697561,0.08746509,0.09371689,0.06891236,0.08926746,0.09804535,0.15114279,0.08457634,0.10634455,0.08027509,0.06399941,0.10444296,0.08046725,0.08538087,0.10135865,0.09143751,0.08012883,0.10078792,0.09478958,0.06971401,0.07464645,0.08707983,0.07341877,0.09778915,0.08357218,0.104845,0.0957495,0.09265695,0.07549148,0.10578999,0.0858709,0.07795562,0.08981852,0.07530369,0.0776333,0.07636331,0.08158586,0.09254534,0.08272076,0.07116723,0.07744025,0.0860193,0.08062853,0.09089205,0.07983103,0.09275364,0.09383436,0.05266127,0.09885921,0.08845434,0.07840506,0.09034123,0.08142314,0.10009108,0.07932552,0.1369018,0.09692221,0.09969431,0.09266122,0.11366136,0.10553217,0.10598893,0.09143165,0.09031678,0.07827928,0.10460556,0.07336724,0.08023927,0.08061107,0.09488549,0.11063241,0.10079034,0.09345535,0.13818129,0.10435472,0.09911738,0.07636682,0.07474832,0.08328005,0.10627081,0.10169827,0.07868223,0.10539806,0.09015755,0.10406435,0.08923147,0.10650539,0.09310384,0.07179405,0.08483532,0.09579743,0.08575445,0.14639023,0.0906248,0.07984868,0.0765453
22,0.352356189759036,0.860600833333333,0.881730612449799,0.871286425702811,0.785294457831325,0.843811907630522,0.881288393574297,0.866624924698795,0.88283656124498,0.792508890562249,0.956079307228916,0.912157364457831,0.82099703313253,0.833471656626506,0.960881501004016,0.82775063253012,0.840882008032129,0.820123318273092,0.907058529116466,0.91784733935743,0.809395537148594,0.910902168674699,0.898633102409639,0.898634628514056,0.864047078313253,0.883636882530121,0.955244176706827,0.933857123493976,0.996401957831325,0.886524016064257,0.774108077309237,0.979333298192771,0.832296912650602,0.908874136546185,0.896595963855422,0.907357720883534,0.79292796686747,0.872062510040161,0.914502274096386,0.826477700803213,0.925423273092369,0.932696586345382,0.819481641566265,0.94174516064257,0.89999359437751,0.923448022088353,0.919695371485944,0.873344402610442,0.912066134538153,0.876728423694779,0.887977540160643,0.86305718373494,0.840726731927711,0.86738984437751,0.911646074297189,0.797003298192771,0.911549743975904,0.918788353413655,0.929924663654618,0.803509462851406,0.816909598393574,0.932819834337349,0.878210647590361,0.821751039156627,0.881884829317269,0.853277374497992,0.965881847389558,0.962223614457831,0.946748875502008,0.882315431726908,0.842978117469879,0.931141385542169,0.836841054216867,0.86043703815261,0.979081265060241,0.911507464859438,0.845871129518072,0.821685010040161,0.936516440763052,0.790689121485944,0.933992088353414,0.953258609437751,0.807616586345381,0.803226480923695,0.931695878514056,0.820869548192771,0.791117238955823,0.810253890562249,0.972567685742972,0.800377876506024,0.906289031124498,0.822385441767068,0.895796430722892,0.88235000502008,0.969313052208835,0.824779884538153,0.800167208835341,0.824984362449799,0.850309302208835,0.796177389558233,0.873894738955823
23,0.01741213,0.09512449,0.07275171,0.08031226,0.07072721,0.09034388,0.10079597,0.06951789,0.07124233,0.05442906,0.06555277,0.08735471,0.077158,0.07454353,0.08573051,0.08402558,0.08169892,0.05169751,0.10289733,0.11614892,0.08304223,0.08914767,0.06796789,0.08623389,0.07194794,0.1006662,0.10296533,0.06310392,0.07001714,0.05357351,0.03372553,0.1044413,0.10025156,0.06690587,0.07942575,0.10165482,0.10210542,0.05564961,0.1011023,0.06369715,0.0677578,0.07791035,0.08606261,0.07564907,0.07300882,0.10129699,0.06425896,0.06920348,0.05344464,0.07762492,0.07479248,0.06428466,0.09240135,0.08446164,0.06715756,0.13221572,0.03657214,0.08467392,0.0680785,0.07152901,0.06554444,0.05116927,0.06570612,0.09789949,0.06934859,0.09904571,0.08275686,0.07931616,0.07764787,0.06543473,0.09205933,0.07370635,0.10082621,0.06936801,0.09710892,0.07008198,0.07202453,0.09586599,0.07038995,0.07313806,0.03963961,0.0810255,0.07067599,0.10069985,0.07596302,0.07425248,0.06911593,0.0745623,0.0676087,0.0713626,0.05651363,0.09853047,0.09233914,0.0782391,0.07590955,0.06370718,0.07718501,0.08838222,0.10138616,0.07953469,0.09596857
24,0.03289908040201,0.0680416432160804,0.060288527638191,0.0635609798994975,0.0641428492462312,0.0612169899497487,0.0612462361809045,0.0659895326633166,0.0649090603015075,0.0601876130653266,0.0616461155778894,0.0698837135678392,0.0641058542713568,0.0638789698492462,0.0728333115577889,0.0626242864321608,0.0653835527638191,0.0750934120603015,0.0608255527638191,0.0743570904522613,0.0665562261306533,0.0603353115577889,0.0662392010050251,0.065926527638191,0.0662206180904523,0.0580092713567839,0.0571917135678392,0.0526455326633166,0.0731805979899497,0.0664306984924623,0.0632050703517588,0.0671753015075377,0.0640381658291457,0.0642185075376884,0.0661692412060302,0.0619258442211055,0.0620362361809045,0.0675331105527638,0.0630908693467337,0.0739617236180904,0.0728906582914573,0.0634375829145729,0.0656740753768844,0.0607356733668342,0.0568789497487437,0.0675832412060302,0.0709268793969849,0.0638782261306533,0.0645944170854271,0.0653851105527638,0.066517864321608,0.0679702261306533,0.0612366281407035,0.0706747487437186,0.0641855226130653,0.0639459246231156,0.0572843668341709,0.0602515427135678,0.0710405879396985,0.0636984070351759,0.0656564974874372,0.064910216080402,0.0675633417085427,0.0730983467336683,0.0582481859296482,0.0718448793969849,0.0666167889447236,0.0608647286432161,0.0681346884422111,0.0660059145728643,0.0614108894472362,0.0673072512562814,0.0598931005025126,0.0625363668341709,0.0620390603015075,0.0620472211055276,0.067839,0.0634946381909548,0.0692243969849246,0.0623355527638191,0.0675925175879397,0.0668659045226131,0.062369351758794,0.0638384472361809,0.0657466381909548,0.0641708994974874,0.06628891959799,0.0633245979899497,0.061296256281407,0.0621816130653266,0.0677539447236181,0.0742533819095477,0.0653871809045226,0.070032135678392,0.0605508592964824,0.0736526884422111,0.0626800552763819,0.0689462663316583,0.0729940251256281,0.0709672814070352,0.0652138743718593
25,0.10899451951952,0.303900970970971,0.374282397397397,0.190990245245245,0.314662537537538,0.326106856856857,0.265100405405405,0.402371466466466,0.258343828828829,0.29266022022022,0.305266901901902,0.291015795795796,0.306519159159159,0.287265495495496,0.377227167167167,0.289542392392392,0.305133128128128,0.238516986986987,0.319004079079079,0.266855490490491,0.44253471971972,0.234524199199199,0.280880425425425,0.456049124124124,0.237398068068068,0.354875660660661,0.3011652002002,0.431811516516517,0.429917652652653,0.286176706706707,0.306841586586587,0.338116816816817,0.30881495995996,0.373100620620621,0.35261047047047,0.384030630630631,0.298455725725726,0.247889179179179,0.348441336336336,0.252134414414414,0.247738028028028,0.323831336336336,0.275621186186186,0.264870905905906,0.258000605605606,0.273552322322322,0.256071816816817,0.257577862862863,0.275613898898899,0.292815935935936,0.268032017017017,0.291401841841842,0.320102732732733,0.267172222222222,0.320030415415415,0.356707002002002,0.374164134134134,0.262615835835836,0.229888363363363,0.285809684684685,0.410554894894895,0.303776556556557,0.309194384384384,0.308327307307307,0.293975970970971,0.279240405405405,0.227194794794795,0.245688213213213,0.290883583583584,0.274116426426426,0.278176851851852,0.287395765765766,0.281620800800801,0.256596931931932,0.285228188188188,0.258458063063063,0.331874624624625,0.277034374374374,0.348156491491491,0.286718178178178,0.298581511511512,0.348608023023023,0.26300516016016,0.275300005005005,0.244360655655656,0.345700215215215,0.302590235235235,0.287851146146146,0.285519564564565,0.384511766766767,0.253736086086086,0.35627006006006,0.231919469469469,0.295135005005005,0.303250975975976,0.39480017017017,0.316313498498498,0.319820510510511,0.2725453003003,0.304225425425425,0.233654424424424
26,0.32889778,0.83364697,0.875628995,0.877450455,0.767160665,1.03552167,0.87727254,0.836116035,0.982500985,0.929052655,0.91323214,0.771136465,0.784998645,0.88480005,0.87815889,0.85989763,0.89476148,0.918817815,0.81148882,0.82976758,0.701967275,0.905092415,0.73244824,0.838737155,0.90683243,0.836837865,0.88477734,0.93215151,0.80389799,0.805382125,0.95046873,0.91880809,0.73989601,0.912456545,0.87143411,0.939690145,0.940637485,0.89825042,0.95248825,0.82183824,0.872250025,0.84725356,0.81284579,0.830319695,0.789827125,0.822884585,0.937107285,0.83305548,0.793479285,0.773021175,0.91668028,0.73820332,0.74330063,0.83825926,0.871939865,0.79947178,0.88958624,0.951391715,0.9243188,0.788118065,0.941367355,0.85877845,0.771885525,0.951958805,0.73107093,0.8937471,0.75145445,0.817740955,0.953753235,0.885825035,0.820783215,0.958311335,0.781859875,0.87453592,0.949869335,0.822125835,0.87803387,0.81395602,0.916872605,0.774612495,0.93416324,0.77565438,0.842124345,0.77359638,0.7805097,0.954424845,0.88126935,0.883263175,0.793469295,0.85901475,0.832375515,0.87712634,0.756167345,0.922291695,0.71211428,0.95116411,0.95700311,0.813002385,0.709069075,0.8188107,0.75016895
27,0.26469958,0.719075935,0.61850351,0.600928315,0.59770923,0.511199245,0.540383415,0.555407975,0.561009705,0.53057731,0.53818076,0.60470496,0.55950276,0.57217775,0.56598495,0.56017004,0.613908215,0.570492255,0.5835759,0.642804915,0.55190737,0.42521623,0.646689035,0.53244465,0.583472575,0.50871979,0.566692805,0.49505975,0.50978526,0.517986065,0.521899035,0.471746525,0.521394155,0.563871235,0.561869545,0.626745195,0.588463225,0.57417419,0.544746955,0.495836695,0.46880235,0.476480975,0.575434765,0.612301895,0.499109265,0.567112545,0.52855417,0.602274225,0.5504885,0.540605925,0.50597811,0.54465552,0.48432022,0.56524727,0.701279795,0.56114654,0.504850435,0.560761355,0.56652531,0.56859294,0.418135505,0.58632523,0.608445645,0.53330233,0.53600963,0.58468374,0.5368798,0.49008385,0.59558111,0.593523285,0.64276051,0.491517005,0.51403731,0.596094765,0.540208785,0.535054535,0.63128144,0.527389165,0.56094617,0.546621835,0.513114585,0.577818155,0.55449815,0.55152731,0.56039463,0.5834615,0.65540015,0.50213769,0.511620945,0.578708295,0.595561715,0.55902844,0.485395565,0.62022794,0.520193935,0.45839831,0.58359283,0.55602748,0.51284414,0.53043047,0.62052672
28,0.065606652892562,0.167845785123967,0.166913021694215,0.149555955578512,0.163202696280992,0.223873806818182,0.162011590909091,0.14817819731405,0.19588069214876,0.191424287190083,0.17261055268595,0.209212815082645,0.138613228305785,0.183764922520661,0.217943713842975,0.229210387396694,0.170259194214876,0.202515712809917,0.169353202479339,0.159314628099174,0.185173837809917,0.186449710743802,0.145682618801653,0.144340134297521,0.161873310950413,0.191859633264463,0.163102184917355,0.192212195247934,0.18237465392562,0.170482097107438,0.160788848140496,0.144237474173554,0.190538135330579,0.157671296487603,0.188044411157025,0.170887174586777,0.165675723140496,0.174121797520661,0.161079798553719,0.148883445247934,0.145283125,0.16619680785124,0.208470170454545,0.198327453512397,0.173443920454545,0.144315862603306,0.167158992768595,0.141883724173554,0.200615061983471,0.131998620867769,0.17635055785124,0.169537892561983,0.182049287190083,0.146935361570248,0.182242112603306,0.143934059917355,0.20634569731405,0.152483538223141,0.141911792355372,0.198188620867769,0.131639225206612,0.127804462809917,0.201557448347107,0.175886327479339,0.210201172520661,0.245220010330579,0.243963362603306,0.20757715392562,0.209785490702479,0.186888414256198,0.149281967975207,0.174468243801653,0.170673904958678,0.174573088842975,0.230506394628099,0.164629953512397,0.166055077479339,0.165639478305785,0.160178507231405,0.133130397727273,0.168159240702479,0.163522071280992,0.152922530991736,0.171069070247934,0.230023941115702,0.215053688016529,0.163550041322314,0.238712277892562,0.206544958677686,0.135173868801653,0.160611368801653,0.207930030991736,0.201955852272727,0.16728930268595,0.170437649793388,0.179716694214876,0.210611782024793,0.143116544421488,0.146548295454545,0.189427350206612,0.225443605371901
29,0.0415893118756937,0.104179522752497,0.102717536071032,0.0858762708102109,0.105705738068812,0.106234045504994,0.100526215316315,0.0927902219755827,0.0966111875693674,0.101110665926748,0.0976136736958935,0.104422214206437,0.0880296448390677,0.0947766981132075,0.107725560488346,0.102655477247503,0.106013651498335,0.0858528745837958,0.105397025527192,0.103695044395117,0.118823501664817,0.096294961154273,0.102895671476138,0.0921962930077691,0.0912242286348502,0.12908359045505,0.097172064372919,0.0823627857935627,0.103433251942286,0.107163401775805,0.110047408435072,0.0894314650388457,0.105686270810211,0.0998135072142064,0.0934753607103219,0.101214162042175,0.0926047835738069,0.0977227192008879,0.107248102108768,0.105539578246393,0.101871853496115,0.101212330743618,0.0917850166481687,0.1169837236404,0.0996716648168701,0.100373573806881,0.103649289678135,0.0931589567147614,0.104201176470588,0.09186371809101,0.0961437513873474,0.111311431742508,0.0994339178690344,0.121188551609323,0.127160449500555,0.112202480577137,0.104884467258602,0.112672380688124,0.104565688124306,0.126793224195339,0.0997967758046615,0.0895414095449501,0.0964582796892342,0.102142608213097,0.0966400332963374,0.110932780244173,0.0998558546059933,0.0998507769145394,0.126798063263041,0.0942005660377359,0.0959001886792453,0.0960541176470588,0.101460288568257,0.103613063263041,0.114090593784684,0.0980887125416204,0.0981482130965594,0.0989182574916759,0.0932713984461709,0.0933786015538291,0.0941580244173141,0.0955770921198668,0.0897721753607103,0.104551481687014,0.0951098668146504,0.105549988901221,0.0950908546059933,0.103861831298557,0.108095621531632,0.0969996892341842,0.0906417425083241,0.100819267480577,0.111762119866815,0.0925497225305216,0.108898768035516,0.101998518312986,0.0892198224195339,0.094741320754717,0.0955585571587125,0.0929276359600444,0.102197746947836
30,0.25848761,0.49203716,0.580681825,0.49964875,0.64299399,0.54908174,0.49097712,0.48531934,0.559209815,0.551887605,0.675544195,0.55610691,0.574983905,0.4714257,0.493559515,0.622629995,0.532895295,0.52839097,0.489986375,0.53662736,0.498425945,0.535097095,0.534027535,0.54021975,0.52020776,0.64521503,0.554497905,0.46214932,0.511910695,0.54057002,0.567556915,0.549682705,0.54374974,0.488420885,0.428388035,0.5721489,0.62476249,0.580164765,0.57353663,0.484864945,0.595864,0.52820908,0.484130775,0.54082152,0.59622728,0.46049782,0.486502245,0.520590555,0.600711905,0.56432803,0.54429884,0.606653445,0.50479968,0.58823797,0.585027455,0.596943805,0.60746424,0.578676215,0.67741249,0.592293905,0.58025922,0.582728225,0.57593637,0.605255295,0.536050835,0.61293565,0.547104575,0.468980115,0.62635591,0.501600335,0.519250615,0.53648292,0.533260315,0.571472405,0.579266615,0.59964793,0.52466761,0.683806125,0.607585475,0.56278713,0.541412215,0.48667866,0.54187212,0.433598765,0.569392165,0.528047775,0.53173149,0.508978255,0.50925663,0.494795235,0.61447152,0.57520497,0.445038345,0.60269044,0.57852087,0.61567728,0.520386625,0.56937821,0.542904645,0.48844982,0.575115795
31,0.195395985,0.60539839,0.62527241,0.516100185,0.5353864,0.544074695,0.624747675,0.52601298,0.547301145,0.60919177,0.508533245,0.555666375,0.703323665,0.510959745,0.665884805,0.57852287,0.634716355,0.55677516,0.613908455,0.52073617,0.545909655,0.544489255,0.498593865,0.591950505,0.627034785,0.70400854,0.58982223,0.66707933,0.452704685,0.696285715,0.463135035,0.52864116,0.652576645,0.51056764,0.530188005,0.617342205,0.602152035,0.418239675,0.551444355,0.49955238,0.53921741,0.476812035,0.64697741,0.54070827,0.5605846,0.628723515,0.493203835,0.54949163,0.61952188,0.7204698,0.51478053,0.50218947,0.67793391,0.63339504,0.64608473,0.577843375,0.573896385,0.575274515,0.5330973,0.61411185,0.48835796,0.7227864,0.566727685,0.494021035,0.61679661,0.448057945,0.527886485,0.778576155,0.726432545,0.604081355,0.509550295,0.620140465,0.557687015,0.47522412,0.66233367,0.65470041,0.469515235,0.58487846,0.604666425,0.536509505,0.47037672,0.5083462,0.626963855,0.46547967,0.556162235,0.544759665,0.722758845,0.56503768,0.42820146,0.56784296,0.607246515,0.52937186,0.515630885,0.480597455,0.68516064,0.53399307,0.5273583,0.65972476,0.589480175,0.52951985,0.5378218
32,0.081865615,0.196684235,0.185735555,0.208158795,0.236155575,0.212838445,0.202493645,0.250354735,0.307536225,0.238611825,0.238245925,0.232964535,0.222322035,0.237148745,0.209077015,0.200628785,0.186289085,0.203001345,0.230425775,0.210059405,0.229968185,0.195792375,0.224812265,0.308304845,0.218908835,0.222692305,0.210617705,0.203523285,0.207345235,0.202979815,0.227377065,0.257450695,0.201559165,0.196588615,0.210069965,0.239058325,0.274122535,0.245741005,0.201632635,0.184768255,0.253504775,0.192310405,0.220704515,0.177637465,0.208863355,0.143426075,0.234325835,0.245654065,0.187530125,0.239601445,0.251219325,0.183268855,0.200985995,0.220217495,0.186919615,0.209947135,0.207529905,0.200650125,0.202010965,0.200758975,0.178349545,0.209235585,0.229410795,0.195390005,0.235219725,0.232911685,0.217922905,0.225140275,0.203624785,0.201510615,0.234263945,0.199815575,0.219245785,0.184547915,0.214779955,0.174331275,0.187111695,0.222413035,0.273339815,0.232044305,0.234354385,0.228048115,0.187939535,0.217686735,0.176068475,0.211563405,0.217271755,0.242028775,0.214255255,0.239088945,0.221594235,0.213426445,0.223770925,0.198111365,0.199296675,0.218028815,0.207066425,0.199485905,0.201703885,0.174492745,0.225008685
33,0.107695872617854,0.196519954864594,0.270024754262788,0.192500135406219,0.310575646940822,0.244636479438315,0.414640180541625,0.174775992978937,0.356013966900702,0.239140315947844,0.270080897693079,0.225999117352056,0.261650882647944,0.230256193580742,0.20192741223671,0.394185180541625,0.311232482447342,0.227378219658977,0.414526985957874,0.328888129388164,0.280152828485456,0.334123490471414,0.340826890672016,0.175688450351053,0.272865461384152,0.303373686058174,0.193716529588766,0.251505882647944,0.209193420260782,0.233267517552658,0.2525637111334,0.389789844533601,0.352033385155466,0.563386890672016,0.210073660982949,0.257952326980943,0.338922091273821,0.27004538114343,0.247566354062187,0.265037572718154,0.434525977933801,0.229508540621866,0.327765351053159,0.369790145436309,0.354822888665998,0.464586434302909,0.347057923771314,0.211772316950853,0.343978806419258,0.442804598796389,0.332907502507523,0.323255792377131,0.23893221664995,0.282887086258776,0.227967457372116,0.269333345035105,0.180349282848546,0.272047612838516,0.261351740220662,0.376707868605817,0.316786624874624,0.34869684553661,0.284941840521565,0.21190168004012,0.220174588766299,0.194278951855567,0.235773736208626,0.243468445336008,0.226714924774323,0.276448891675025,0.243678475426279,0.264055215646941,0.251897743229689,0.225310797392177,0.375095922768305,0.343653445336008,0.283051740220662,0.357529749247743,0.323105787362086,0.563724779338014,0.312357512537613,0.241819423269809,0.467349272818455,0.286623119358074,0.219931078234704,0.244369874623872,0.306683109327984,0.231271038114343,0.269670030090271,0.344405697091274,0.266744543630893,0.319675877632899,0.256972893681043,0.342735707121364,0.389688600802407,0.288851945837513,0.298090431293882,0.208985325977934,0.182960827482447,0.434427156469408,0.256432913741224
34,0.06130539,0.12337002,0.10034334,0.12402309,0.11770772,0.12836474,0.10422325,0.11054168,0.13855399,0.1374505,0.12729565,0.12178949,0.15009558,0.11960512,0.12527473,0.10421428,0.1250686,0.09655883,0.11275584,0.10170286,0.13111857,0.12464499,0.12387696,0.12886549,0.10432757,0.12949948,0.12402556,0.12327325,0.12039031,0.10521711,0.10399131,0.12925995,0.14952358,0.08765188,0.12547665,0.11884981,0.11366803,0.13115089,0.10237696,0.12991796,0.16583665,0.13085232,0.10644416,0.12264071,0.09806963,0.16089846,0.12366696,0.12055269,0.10150575,0.12454054,0.13939097,0.12537558,0.14244496,0.13105689,0.15039628,0.14104484,0.13322762,0.12965922,0.11610288,0.09610514,0.10178974,0.13311629,0.12150597,0.10657721,0.10445881,0.12257073,0.09962981,0.10001867,0.13973281,0.1305303,0.13195554,0.10538386,0.12005545,0.13292192,0.10258231,0.10771098,0.12219599,0.13210647,0.10142054,0.12564541,0.12897983,0.1374435,0.11033224,0.12526424,0.10052932,0.10243884,0.0965683,0.13632095,0.12037708,0.10387887,0.14250127,0.19207473,0.11813755,0.12050402,0.10536081,0.12690735,0.12557275,0.10233542,0.10822336,0.12922342,0.09260871
35,0.0290947785547786,0.0620019230769231,0.0591932167832168,0.0577792191142191,0.0669112587412587,0.0626497435897436,0.0655363869463869,0.0629150582750583,0.0606145221445221,0.0595547435897436,0.070534020979021,0.0710649883449883,0.0541599533799534,0.0579443356643357,0.0548312820512821,0.0616269114219114,0.0756397202797203,0.0685438344988345,0.0612977156177156,0.0683722144522144,0.06119662004662,0.0672924592074592,0.0573962470862471,0.0604221445221445,0.0613385431235431,0.0716589976689977,0.0569575407925408,0.0586902913752914,0.0612680536130536,0.0592657226107226,0.0721802447552448,0.0718074708624709,0.0708370512820513,0.0561317016317016,0.0713099766899767,0.0637286363636364,0.0601047435897436,0.0615371445221445,0.061650675990676,0.0719803846153846,0.0700605011655012,0.0626864801864802,0.0622311655011655,0.0569728321678322,0.0627086130536131,0.0639933799533799,0.0718779836829837,0.0603420163170163,0.0541716083916084,0.0530481118881119,0.0661038811188811,0.0632723776223776,0.0649239627039627,0.0614355244755245,0.0593849300699301,0.0611680186480187,0.0723902097902098,0.0593914102564103,0.0599726573426573,0.0696578438228438,0.0621848951048951,0.0616402913752914,0.0622204428904429,0.0677927389277389,0.0669277738927739,0.0585860839160839,0.0661364335664336,0.054795303030303,0.065352703962704,0.0639908974358974,0.0619026107226107,0.0598829603729604,0.0634549417249417,0.0630845804195804,0.0633245687645688,0.0625504312354312,0.0532777972027972,0.0647965850815851,0.0635537878787879,0.0716458741258741,0.0650303263403263,0.0729982750582751,0.0643880303030303,0.0694401748251748,0.0578192307692308,0.0639532517482518,0.0612210606060606,0.0712861655011655,0.0646212004662005,0.0590001748251748,0.0633164219114219,0.0653079487179487,0.0718481585081585,0.0738376806526806,0.0662651282051282,0.0535319114219114,0.073100372960373,0.0622624592074592,0.0599378671328671,0.0711098251748252,0.0736190675990676
36,0.10575729,0.22923131,0.299629915,0.28474725,0.243021915,0.263092815,0.290057855,0.25262564,0.307632675,0.277327005,0.252463365,0.26442604,0.275077045,0.264431745,0.248239755,0.2716374,0.28109187,0.270031235,0.27170819,0.250255385,0.293518525,0.253487205,0.278833945,0.250617455,0.316359685,0.242221255,0.30166866,0.28712906,0.270143685,0.24523619,0.237178635,0.242630955,0.271290745,0.310651945,0.27027331,0.267850515,0.275976115,0.31663908,0.315531145,0.26458169,0.23791843,0.26084895,0.243800225,0.245281875,0.270785495,0.290043185,0.253909105,0.29482067,0.272508555,0.270629765,0.244572025,0.272966665,0.29909955,0.226628935,0.262493955,0.293282465,0.303385595,0.26898803,0.274872715,0.28420045,0.263866915,0.239268245,0.273191815,0.302774365,0.27763666,0.292323605,0.249654745,0.307017835,0.292967595,0.28755119,0.296904645,0.278042955,0.29243583,0.273966,0.278666685,0.28427238,0.267731695,0.268995065,0.277911485,0.267501555,0.22250903,0.274781295,0.27735248,0.27873018,0.26640725,0.30272945,0.23392068,0.24209521,0.272537145,0.27575868,0.245728205,0.267770195,0.255156015,0.27839695,0.236838,0.252589085,0.2731767,0.28617809,0.29736278,0.223555205,0.266180095
37,0.102961215526047,0.270856598569969,0.226795852911134,0.195896884576098,0.219907926455567,0.230334264555669,0.203439264555669,0.170992722165475,0.239563186925434,0.172029877425945,0.166167216547497,0.239952257405516,0.147283820224719,0.181155960163432,0.268807247191011,0.206779642492339,0.195468100102145,0.189244101123595,0.191850812053115,0.195649499489275,0.20683626659857,0.188590985699694,0.249174050051073,0.209633493360572,0.165818202247191,0.203995270684372,0.305236103166496,0.192481179775281,0.196417681307457,0.227585970377937,0.193922875383044,0.172387242083759,0.197400919305414,0.174883687436159,0.207363631256384,0.205683120531154,0.209792099080695,0.242095832482125,0.165004525025536,0.214488013278856,0.242334938712972,0.194851077630235,0.182473079673136,0.339612170582227,0.209460669050051,0.276374382022472,0.187592594484168,0.232063855975485,0.195487962206333,0.212775852911134,0.23805379979571,0.205464831460674,0.186985076608784,0.29429684371808,0.187074964249234,0.227417635342186,0.236888084780388,0.215093304392237,0.221074979570991,0.186876220633299,0.173421807967314,0.17923431052094,0.178152150153218,0.205098432073544,0.175270260469867,0.207655127681307,0.209357752808989,0.202712824310521,0.204148135852911,0.185098314606742,0.283955102145046,0.219007921348315,0.183574642492339,0.208972119509704,0.164205,0.192748963227783,0.195978615934627,0.188175684371808,0.189939014300306,0.247643309499489,0.221300117466803,0.235951118488253,0.290682344228805,0.210230812053115,0.186719504596527,0.184653462717058,0.220184382022472,0.188783069458631,0.226506527068437,0.250033447395301,0.232943559754852,0.321265316649642,0.212813472931563,0.201096807967314,0.191098564862104,0.192660015321757,0.15092975485189,0.187324678243105,0.220241884576098,0.178794167517875,0.205479979570991
38,0.0636471055618615,0.128403513053348,0.123130454029512,0.109775221339387,0.102797082860386,0.124977769580023,0.143544971623155,0.148293002270148,0.116002973893303,0.15123515323496,0.13951396708286,0.120953461975028,0.177973461975028,0.116670488081725,0.128301055618615,0.114995641316686,0.120903768444949,0.130637985244041,0.125675556186152,0.125617650397276,0.122651912599319,0.131039267877412,0.135133439273553,0.125538030646992,0.120092803632236,0.133964131668558,0.116933337116913,0.100662292849035,0.124766674233825,0.118261418842225,0.140010085130533,0.140737593643587,0.123514052213394,0.118339273552781,0.128151662883087,0.137469347332577,0.11548438138479,0.123832105561862,0.106605959137344,0.143216719636776,0.102816617480136,0.116091532349603,0.126369772985244,0.132576333711691,0.125051538024972,0.156470578887628,0.138951895573212,0.133489375709421,0.141532213393871,0.147405754824064,0.145265459704881,0.117970374574347,0.118096782065834,0.124624920544835,0.109574256526674,0.131057735527809,0.113884710556186,0.125707951191827,0.140602531214529,0.106862951191827,0.148879341657208,0.128166742338252,0.124423575482406,0.1256885584563,0.118425788876277,0.119143654937571,0.113917298524404,0.144913024971623,0.140371316685585,0.130604909194098,0.125817031782066,0.124439557321226,0.102200022701476,0.145830034052213,0.128283257661748,0.124947497162316,0.119559591373439,0.140568024971623,0.133696140749149,0.14244293984109,0.111999909194098,0.138134852440409,0.138790686719637,0.128448149829739,0.11612639046538,0.149200079455165,0.109117570942111,0.129781458569807,0.121320998864926,0.157364131668558,0.102028251986379,0.148697417707151,0.109687934165721,0.125603745743473,0.146244721906924,0.135230578887628,0.113982814982974,0.143233881952327,0.0997627809307605,0.125790783200908,0.101942519863791
39,0.0499374598393574,0.198192068273092,0.407559362449799,0.396642896586345,0.583175010040161,0.644037856425703,0.469301435742972,0.58523078815261,0.196531154618474,0.14240187751004,0.621667469879518,0.493831009036145,0.71289827811245,0.426687555220884,0.16512313253012,0.176205391566265,0.688550773092369,0.301549121485944,0.891784051204819,0.6082440562249,0.219498980923695,0.393567876506024,0.408552665662651,0.325475577309237,0.288920662650602,0.402155868473896,0.122309909638554,0.432481631526104,1.09072969879518,0.145090431726908,0.481377796184739,0.305822364457831,0.321023488955823,0.312367178714859,0.493247520080321,0.627184854417671,0.457129939759036,0.329231335341365,0.261546024096386,0.591457705823293,0.197189432730924,0.685881907630522,0.390399819277108,0.418118032128514,0.315254121485944,0.181047931726908,0.625568664658635,0.448537479919679,0.634294969879518,0.683796731927711,0.652584738955823,0.20518484939759,0.645517876506024,0.335542916666667,0.31240234437751,0.33463343373494,0.57506983935743,0.339511802208835,0.253659246987952,0.314875612449799,0.665941782128514,0.18636250502008,0.513266199799197,0.396319939759036,0.625501049196787,0.483600135542169,0.547172871485944,0.481704362449799,0.231272108433735,0.520442369477912,0.685943027108434,0.428485451807229,0.599625597389558,0.724980075301205,0.459809663654618,0.41366422188755,0.305567138554217,0.993931676706827,0.829527213855422,0.708869392570281,0.440297238955823,0.133310883534137,1.81109317269076,0.434391681726908,0.347519111445783,0.310070281124498,0.482645547188755,0.455713338353414,0.573690446787149,0.400192108433735,0.602321064257028,0.595319718875502,0.164778498995984,0.423450562248996,0.291280040160643,0.381397058232932,0.143789226907631,0.45928906626506,0.472475803212851,0.624779226907631,0.743411621485944
40,0.0180865165165165,0.035696966966967,0.042665975975976,0.0469676976976977,0.0343994494494494,0.0421007107107107,0.0457041141141141,0.0501189189189189,0.0480655155155155,0.0431555055055055,0.0419755855855856,0.0375462062062062,0.0460942042042042,0.0411958058058058,0.0380864064064064,0.0401158058058058,0.0412675275275275,0.0392603603603604,0.0447609309309309,0.0440177477477477,0.0439090990990991,0.0512590490490491,0.0436215115115115,0.0466971771771772,0.0459094394394394,0.0425402902902903,0.0547296896896897,0.0387314114114114,0.0446265765765766,0.0453726126126126,0.0450940840840841,0.0434846446446446,0.0360026926926927,0.0427272172172172,0.042488998998999,0.0320352152152152,0.0552617817817818,0.0433305305305305,0.0511207307307307,0.0558990590590591,0.0436913313313313,0.0415937037037037,0.0477285985985986,0.035346976976977,0.0426245945945946,0.0537491291291291,0.0480143843843844,0.0553885985985986,0.0392767667667668,0.0431039439439439,0.0444977577577578,0.0466417217217217,0.0459531531531532,0.0507585485485485,0.0353743643643644,0.0400827827827828,0.0443468268268268,0.0431819019019019,0.0422572472472472,0.0439037637637638,0.0577555555555556,0.0544632832832833,0.046996016016016,0.0433389289289289,0.0319204404404404,0.0478651951951952,0.041271031031031,0.0516247847847848,0.0430751151151151,0.0491475675675676,0.0470034234234234,0.0474383483483483,0.0352836736736737,0.0465714614614615,0.0457387987987988,0.0433825425425425,0.0456360560560561,0.0493814314314314,0.0368551851851852,0.0519265065065065,0.0479072272272272,0.0402814114114114,0.0352466366366366,0.0443246746746747,0.039068978978979,0.032721021021021,0.0464698598598599,0.0352165465465465,0.046964974974975,0.0307301401401401,0.0460637037037037,0.0531319319319319,0.0367567567567568,0.0373932632632633,0.0422770670670671,0.0413913813813814,0.0532491291291291,0.037197987987988,0.0447744444444444,0.0417149149149149,0.0400696296296296
41,0.070022562849162,0.159761948324022,0.115614790502793,0.139128044692737,0.155690879888268,0.163477967877095,0.131106675977654,0.122314881284916,0.163419085195531,0.146411682960894,0.13027062150838,0.140301075418994,0.15333875,0.148807611731844,0.156142723463687,0.152052604748603,0.16410875,0.162402423184358,0.153319965083799,0.15548407122905,0.164263303072626,0.139167269553073,0.140908240223464,0.152548030726257,0.151444839385475,0.144016438547486,0.168035349162011,0.144508554469274,0.150477094972067,0.127203777932961,0.132869567039106,0.15786250698324,0.166893945530726,0.147309930167598,0.128939790502793,0.122259958100559,0.156381431564246,0.132258463687151,0.14706375698324,0.143264916201117,0.152340886871508,0.120048484636872,0.135628268156425,0.157300398044693,0.13948000698324,0.139030209497207,0.136457730446927,0.148678491620112,0.154508219273743,0.143724224860335,0.154199322625698,0.130541808659218,0.145374043296089,0.158800286312849,0.144015125698324,0.150025328212291,0.161382367318436,0.133975733240223,0.12588969273743,0.162339273743017,0.113191201117318,0.13948969273743,0.130455886871508,0.141180844972067,0.126331466480447,0.159413233240223,0.135773938547486,0.13565999301676,0.142316934357542,0.151491473463687,0.155420523743017,0.151561082402235,0.128414664804469,0.152212590782123,0.144756131284916,0.153481599162011,0.150942758379888,0.145753882681564,0.131935956703911,0.169393680167598,0.171244252793296,0.128630663407821,0.134930656424581,0.145253030726257,0.136232011173184,0.161927367318436,0.142954846368715,0.149133002793296,0.129134720670391,0.134481166201117,0.152723407821229,0.135361494413408,0.132031110335196,0.145922925977654,0.155042716480447,0.128519497206704,0.172674832402235,0.145185768156425,0.141106145251397,0.127570244413408,0.161447213687151
42,0.0511260390295359,0.160191329113924,0.159991925105485,0.24487029535865,0.173892790084388,0.184491012658228,0.207317515822785,0.150218918776371,0.226984345991561,0.221490110759494,0.159690817510549,0.173900944092827,0.226453702531646,0.181660870253165,0.199501666666667,0.217449430379747,0.277642700421941,0.138526302742616,0.162685828059072,0.181978723628692,0.257910933544304,0.201858391350211,0.192053238396624,0.198736503164557,0.204306856540084,0.222128591772152,0.273933016877637,0.182886714135021,0.175044599156118,0.194037209915612,0.174388924050633,0.14594628164557,0.191876708860759,0.201554720464135,0.178820443037975,0.216010580168776,0.193063164556962,0.200813955696203,0.151725089662447,0.23080753164557,0.159402389240506,0.154416439873418,0.15353098628692,0.143488391350211,0.175970116033755,0.150280026371308,0.174677083333333,0.205924804852321,0.17817207278481,0.125227378691983,0.176129493670886,0.227970733122363,0.191982120253165,0.158216745780591,0.147404952531646,0.272471529535865,0.17507710443038,0.197280706751055,0.202083475738397,0.264342246835443,0.21774914556962,0.142223359704641,0.144487505274262,0.252589092827004,0.166464989451477,0.182101170886076,0.182640580168776,0.182711434599156,0.260418259493671,0.190893734177215,0.28694736814346,0.194825875527426,0.145409636075949,0.194758839662447,0.173779103375527,0.152694984177215,0.219472906118143,0.133545184599156,0.188462415611814,0.271038744725738,0.158185522151899,0.264417262658228,0.186415780590717,0.259748734177215,0.226214762658228,0.178435063291139,0.161006756329114,0.235825669831224,0.190563839662447,0.193850706751055,0.160564266877637,0.225452821729958,0.213580485232068,0.175969535864979,0.144278285864979,0.222278607594937,0.285823707805907,0.18564697257384,0.161227885021097,0.180720042194093,0.130565574894515
43,0.441226266266266,1.03954862362362,1.03757448948949,1.01144234234234,1.0242717967968,1.09941454454454,0.942936901901902,0.937002482482483,0.838678533533533,0.933036426426426,0.962327527527527,0.984444139139139,1.00443457957958,1.147584004004,1.03734027027027,0.998094389389389,0.927473653653654,0.996596456456456,1.05234237737738,1.00774538538539,0.959946766766767,0.967538178178178,0.973735015015015,0.973099794794795,0.998861901901902,1.03014989489489,1.02444085585586,0.962758388388388,1.10283673673674,0.96636043043043,1.02373277277277,1.01183517517518,1.02685423923924,1.02888767267267,0.974112387387387,1.04954978978979,0.983645895895896,1.14374318818819,1.13181326826827,0.956050545545546,1.01882087587588,1.01656113113113,1.08924104104104,0.98793018018018,1.04228268768769,0.991623018018018,0.941770960960961,0.941809844844845,0.943353708708709,1.02494206206206,0.952936331331331,1.01008701701702,1.03068554054054,0.982922592592593,0.986278788788789,1.13787550550551,1.21935704204204,1.03362391391391,0.942635205205205,1.07473957957958,0.918639084084084,1.01056437937938,0.87290483983984,1.01350184184184,1.00187253753754,0.997267402402402,0.959978748748749,1.16556586586587,0.954939104104104,1.03395857357357,1.139869004004,1.01439435435435,1.03177898398398,1.08069027527528,1.05890892892893,0.986293263263263,0.968725975975976,1.06598820820821,0.943469289289289,1.23261671671672,1.06029067567568,1.07092068068068,1.16948865865866,1.12812272772773,0.976391186186186,0.926833878878879,0.878348798798799,0.861096106106106,1.03421987487487,1.03069340840841,0.977755680680681,0.9764945995996,1.00559429429429,1.04997848848849,0.957856281281281,1.04176472472472,1.01666725225225,1.04970287787788,1.00776125625626,1.10041980980981,0.963603788788789
44,0.059436455,0.142600005,0.113478105,0.130653475,0.127126615,0.139805295,0.140019095,0.129461385,0.120130445,0.136696005,0.17127935,0.117500455,0.123961555,0.124428755,0.139688455,0.144888215,0.118249635,0.147965275,0.117145905,0.126867825,0.124527875,0.123012175,0.116420185,0.110084875,0.133091365,0.136215545,0.133877455,0.142793515,0.124008435,0.121895295,0.102313835,0.135179335,0.133721105,0.128360445,0.108811675,0.129087265,0.171859535,0.122433075,0.132323665,0.147595215,0.133139275,0.157141395,0.129631145,0.121367545,0.135820675,0.130649085,0.145703575,0.104813025,0.129256425,0.147685235,0.128713925,0.127704885,0.116823825,0.134842395,0.140934365,0.135484615,0.136403875,0.121832095,0.138880755,0.163362465,0.121720965,0.132611645,0.128323985,0.114115325,0.138512295,0.136074595,0.121343965,0.125068835,0.118542155,0.121894695,0.114118775,0.133292915,0.129054545,0.110820145,0.108086455,0.145443575,0.110337925,0.123087905,0.122762215,0.122773605,0.127164065,0.110645815,0.120556965,0.135860475,0.130530395,0.126091515,0.136675125,0.124308255,0.127995275,0.148772785,0.119205775,0.126563095,0.126663455,0.139307375,0.122208925,0.150435175,0.115631215,0.150804855,0.129060925,0.124481185,0.129872695
45,1.43311377131394,2.83217326479438,2.91694393179539,2.72171121364092,2.44450221664995,3.26116152457372,2.85453728686058,3.30524246238716,2.61201668505517,3.39622264794383,3.22575463390171,2.96696250250752,2.67150702106319,3.34518998996991,2.56420230692076,2.90751647943832,2.62198104312939,3.25162001003009,2.95949995987964,2.75929911735206,2.76310118355065,3.34217707622869,2.77211879638917,2.91458822968907,2.86048430290873,3.52633757271815,3.26778067201605,3.03369938314945,3.18914878134403,3.3964295887663,2.88440262788365,2.38192633901705,3.07527669007021,2.85915341023069,3.22268134904714,2.76186479438315,2.9947818555667,3.19508296890672,2.91354044132397,2.44493643430291,3.20840506018054,3.27231002006018,2.6003068004012,3.25984614844534,3.03054127883651,2.74064218154463,3.34894984954865,2.72140709127382,2.82782591775326,3.01187207121364,2.44820148445336,2.83475430290873,2.97626792878636,2.83896439317954,3.03229491474423,2.51874380140421,3.34182518555667,2.83005152457372,3.03161595787362,2.66509202106319,3.24884357572718,3.31042230190572,3.43212932296891,3.04025024573721,2.93828945837513,2.92873593781344,3.21910579237713,2.58488949849549,2.87325627382146,3.2997860330993,3.04902029588766,2.56946651955868,3.17286645937813,2.79624518555667,2.93485306419258,2.79996501003009,2.83049060682046,2.82122847542628,2.88182213640923,2.89844309929789,3.31148055667001,3.33393267301906,3.90352208625878,2.8684208224674,3.01170337512538,2.51401808425276,2.44693909729188,2.87542419759278,2.75503439317954,3.14568033600802,2.45003867101304,3.0355560782347,2.85983524072217,2.91764420260782,3.24791251253761,3.50596650451354,2.9833309327984,3.22559799398195,3.57004315446339,2.45003764794383,2.87272533099298
46,0.34105939,0.812871915,0.994787185,0.888086495,0.840592315,0.796848235,0.9669727,0.841936915,0.783356435,0.704229095,0.737311845,0.821569385,0.80999772,0.670204615,0.766665245,0.83952893,0.79680303,0.95197961,0.894354925,0.77913499,0.880926775,0.910217445,0.748740225,0.74820716,0.78952312,0.899553015,0.83398652,0.863593065,0.912027715,0.864299985,0.765348825,0.78883087,0.912210895,0.83510955,0.82662851,0.913182225,0.75115331,0.828161415,0.75428775,0.925941265,0.844048635,0.83642846,0.75090383,0.846960435,0.79104533,0.8338032,0.777193845,0.83663253,0.776610535,0.855048245,0.729934735,0.7462167,0.84196757,0.74614962,0.851448535,0.754654045,0.790519025,0.765396365,0.867992435,0.852898085,0.88867122,0.86329444,0.802988365,0.752975505,0.89948719,0.810500165,0.7621107,0.84610645,0.82874583,0.93194403,0.737462325,0.773095785,0.666660085,0.76895294,0.8007755,0.80194664,0.787022055,0.971826195,0.914832175,0.82518433,0.84609563,0.820877395,0.829393435,0.79850977,0.812973755,0.801355535,0.848801495,0.817086715,0.77936745,0.83231892,0.824516655,0.92916293,0.8012616,0.77388955,0.749307615,0.738210585,0.836351635,0.764974395,0.8359878,0.762731105,0.746646675
47,0.206581574074074,0.217702685185185,0.211567685185185,0.211930462962963,0.213820462962963,0.210960833333333,0.213098611111111,0.213095648148148,0.211734537037037,0.214289537037037,0.212651759259259,0.211641759259259,0.212573981481481,0.213525462962963,0.212793055555556,0.211673981481481,0.215393425925926,0.210015648148148,0.218544166666667,0.213038611111111,0.213480277777778,0.211745462962963,0.213206388888889,0.211324907407407,0.213010648148148,0.214091203703704,0.211551018518519,0.211885462962963,0.213488981481481,0.212221203703704,0.211733611111111,0.212599166666667,0.212585648148148,0.213296018518519,0.212089166666667,0.212349166666667,0.212704166666667,0.213965277777778,0.213155277777778,0.215828796296296,0.213254537037037,0.218175092592593,0.21340712962963,0.211634166666667,0.214407314814815,0.211873055555556,0.213769166666667,0.214350648148148,0.214148055555556,0.212363611111111,0.212021388888889,0.215040277777778,0.212948425925926,0.214468425925926,0.214426574074074,0.21095212962963,0.213246203703704,0.213677314814815,0.213730462962963,0.213001759259259,0.211485833333333,0.213019722222222,0.213775462962963,0.211241574074074,0.211665277777778,0.211269537037037,0.211974166666667,0.211841018518519,0.218944907407407,0.212968981481481,0.218630277777778,0.214911944444444,0.214010092592593,0.21200787037037,0.213080833333333,0.212308240740741,0.212635277777778,0.213406388888889,0.211063055555556,0.211030462962963,0.210209166666667,0.212476759259259,0.215631203703704,0.214061203703704,0.214093796296296,0.21157212962963,0.212604351851852,0.213158981481481,0.212618981481481,0.212521944444444,0.211920833333333,0.211142314814815,0.211907685185185,0.212841388888889,0.213667685185185,0.21097712962963,0.213101203703704,0.211370462962963,0.213280648148148,0.213400277777778,0.212779351851852
48,0.405819695,1.02454146,0.91496533,0.96932781,1.033290385,1.04149943,1.10552637,0.8597082,1.07504609,1.040661175,1.0972608,0.97292707,0.813606735,0.850150595,0.98236842,0.9626985,0.938927465,1.099582485,0.83307877,0.89909519,0.975462845,0.914216965,0.867021365,0.98926032,0.97913156,0.968812795,0.96439591,0.937229315,0.87503501,1.033958015,0.93720999,0.943424065,0.953140655,1.04406622,1.04905529,1.05086847,1.04156519,0.93400076,1.074835765,1.03926757,0.939904135,0.915739995,0.95123642,0.975831995,0.970341895,1.01449114,0.90400088,1.06294233,0.87656356,1.05105763,1.058321775,0.974580565,0.995264005,0.91183077,0.939987495,0.953463175,0.93534894,1.066124555,0.92647841,1.014260505,0.93254403,1.07161088,1.08672813,0.90546639,1.051259655,1.041362365,0.891639895,0.90085999,1.00428658,0.989272365,0.949078935,0.93703969,0.88365977,0.961560575,1.08849619,0.967625245,1.067261055,0.98735209,0.922601235,1.01660896,0.934377545,0.96734771,0.751933545,0.845647825,1.038058235,0.864726115,1.02965642,0.82323846,0.83675254,1.050170475,1.13501208,0.834097505,1.057556975,1.04661232,0.99378465,0.947928915,0.92624938,0.930205115,0.945625985,1.051217765,0.9752773
49,0.127369555,0.246238455,0.260940145,0.255808445,0.246488185,0.245207415,0.26899754,0.256895355,0.237979235,0.236165545,0.235000825,0.227238715,0.243074045,0.236296695,0.230310315,0.249792085,0.247332695,0.248852015,0.242497815,0.244898225,0.240552005,0.248916335,0.240877795,0.232230865,0.239262395,0.219435635,0.247672695,0.218797765,0.233572525,0.238758205,0.252128785,0.245450315,0.254186785,0.228651165,0.24472028,0.224828395,0.243644185,0.238196995,0.247274635,0.269419855,0.237545245,0.252641985,0.279047415,0.271198745,0.250412815,0.251769345,0.251713705,0.244580055,0.250801305,0.244285675,0.256974715,0.24220679,0.243630225,0.240804345,0.237030525,0.233769015,0.253459995,0.246840825,0.243171795,0.242316375,0.25168808,0.246469635,0.240375065,0.253177055,0.271329915,0.212236365,0.260749645,0.233860865,0.251305675,0.238009455,0.241657565,0.25226775,0.258722815,0.239885665,0.250451845,0.251363255,0.243297245,0.252092335,0.255992145,0.231097305,0.239632915,0.247161015,0.237158725,0.238279845,0.24130823,0.242888855,0.233445945,0.270829245,0.242931275,0.243038785,0.223338355,0.254628565,0.240568495,0.236894895,0.231655445,0.242859575,0.234896395,0.27995296,0.24445275,0.280241995,0.24852453
50,0.0402923260869565,0.0852089184782609,0.0829812282608696,0.086765402173913,0.0781041195652174,0.0986981141304348,0.0865126630434783,0.08569975,0.0877512391304348,0.0842828152173913,0.0621463369565217,0.0711837282608696,0.0825791304347826,0.0772659239130435,0.0811333695652174,0.0741809782608696,0.0849771739130435,0.0852474565217391,0.0752615760869565,0.0833937282608696,0.0834808260869565,0.068790652173913,0.0875387608695652,0.0945626684782609,0.0760568586956522,0.0841249891304348,0.0866675869565217,0.0833390217391304,0.0819749239130435,0.0919097989130435,0.0789037391304348,0.083620402173913,0.0800593804347826,0.0839665108695652,0.0884296630434783,0.075173402173913,0.0910425923913043,0.073646652173913,0.0766852391304348,0.081557347826087,0.0777776956521739,0.0758165326086957,0.0840165869565217,0.0873995,0.0885912554347826,0.0826146630434783,0.0915152282608696,0.0799307282608696,0.0713017717391304,0.0773146195652174,0.0697762934782609,0.0619184565217391,0.0703379456521739,0.0693082934782609,0.0685347608695652,0.0886481304347826,0.101406864130435,0.0685771630434783,0.0700294239130435,0.0851196086956522,0.0695464239130435,0.0823459673913043,0.0691233043478261,0.0718276195652174,0.0907462717391304,0.0751817065217391,0.0877122391304348,0.0944609782608696,0.0816759836956522,0.0823550869565217,0.0727211413043478,0.0726415108695652,0.0869064891304348,0.0823830543478261,0.0658303913043478,0.0846935108695652,0.0855019565217391,0.10066725,0.0832323152173913,0.0827739239130435,0.0734407282608696,0.0670821630434783,0.0742781956521739,0.071314,0.0864101847826087,0.0842835108695652,0.0828195652173913,0.092413972826087,0.0692700326086957,0.0753142173913044,0.0701808913043478,0.091076,0.0726194021739131,0.0814420543478261,0.0838121413043478,0.0850977826086956,0.0772432282608696,0.0828234239130435,0.0727826195652174,0.0754618586956522,0.0735813369565217
